{
	"miniprogramRoot": "miniprogram/",
	"cloudfunctionRoot": "cloudfunctions/",
	"setting": {
		"urlCheck": true,
		"es6": true,
		"postcss": true,
		"minified": true,
		"newFeature": true
	},
	"appid": "wxd55b3aefc58d4fb4",
	"projectname": "%2Fhome%2Fazhu%2FXiaoLei%2FXiaoLei_MiniApp",
	"libVersion": "2.2.5",
	"compileType": "miniprogram",
	"condition": {
		"search": {
			"current": -1,
			"list": []
		},
		"conversation": {
			"current": -1,
			"list": []
		},
		"plugin": {
			"current": 1,
			"list": [
				{
					"id": -1,
					"name": "add",
					"pathName": "pages/addFunction/addFunction",
					"query": ""
				},
				{
					"id": -1,
					"name": "login",
					"pathName": "pages/login/login"
				}
			]
		},
		"game": {
			"list": []
		},
		"miniprogram": {
			"current": 0,
			"list": [
				{
					"id": -1,
					"name": "db guide",
					"pathName": "pages/databaseGuide/databaseGuide"
				}
			]
		}
	}
}